;accs;dataset;featurespace_dimension;intrinsic_dimensions;loss;model;sat_avg;thresh
0;0.8037;Cifar10;3008;903;0.004973774886131287;VGG11;30.316844444444445;0.99
1;0.8856;Cifar10;3008;1660;0.003132304608821869;VGG11;57.09635555555556;0.999
2;0.8861;Cifar10;3008;3008;0.0031224886894226076;VGG11;100.0;100.0
3;0.8032;Cifar10;1500;636;0.004582399639487266;VGG11_S;43.623222222222225;0.99
4;0.8571;Cifar10;1500;976;0.0036730873867869378;VGG11_S;68.24502222222222;0.999
5;0.8554;Cifar10;1500;1500;0.003709536522626877;VGG11_S;100.0;100.0
6;0.7753;Cifar10;752;395;0.005234509494900704;VGG11_XS;55.55554444444445;0.99
7;0.8375;Cifar10;752;571;0.0038533299207687377;VGG11_XS;78.2118111111111;0.999
8;0.8384;Cifar10;752;752;0.003863055381178856;VGG11_XS;100.0;100.0
9;0.6486;Cifar10;376;243;0.007820980733633041;VGG11_XXS;66.66666666666667;0.99
10;0.7676;Cifar10;376;320;0.0053514981985092165;VGG11_XXS;84.72222222222223;0.999
11;0.7816;Cifar10;376;376;0.00505327936410904;VGG11_XXS;100.0;100.0
12;0.562;Cifar10;188;135;0.009925829660892487;VGG11_XXXS;75.0;0.99
13;0.63;Cifar10;188;165;0.008529976505041122;VGG11_XXXS;87.15277777777777;0.999
14;0.6489;Cifar10;188;188;0.007971501934528351;VGG11_XXXS;100.0;100.0
15;0.8816;Cifar10;3200;943;0.0028173681631684304;VGG13;34.62358181818182;0.99
16;0.8922;Cifar10;3200;1782;0.002966412156820297;VGG13;62.35795454545453;0.999
17;0.889;Cifar10;3200;3200;0.0030280181869864462;VGG13;100.0;100.0
18;0.8259;Cifar10;1600;711;0.00407467080950737;VGG13_S;49.43182727272727;0.99
19;0.8783;Cifar10;1600;1076;0.0030999955132603647;VGG13_S;73.72159999999998;0.999
20;0.8782;Cifar10;1600;1600;0.003127059268951416;VGG13_S;100.0;100.0
21;0.6902;Cifar10;800;429;0.007209370219707489;VGG13_XS;59.161936363636364;0.99
22;0.8452;Cifar10;800;604;0.003619073051214218;VGG13_XS;80.46873636363637;0.999
23;0.8464;Cifar10;800;800;0.003618089358508587;VGG13_XS;100.0;100.0
24;0.7458;Cifar10;400;251;0.006129543441534042;VGG13_XXS;69.74431818181819;0.99
25;0.7846;Cifar10;400;331;0.0049900913953781125;VGG13_XXS;85.22727272727273;0.999
26;0.7889;Cifar10;400;400;0.004876788541674614;VGG13_XXS;100.0;100.0
27;0.5592;Cifar10;200;137;0.009874774527549743;VGG13_XXXS;75.0;0.99
28;0.6366;Cifar10;200;176;0.008114956325292588;VGG13_XXXS;88.63636363636364;0.999
29;0.6702;Cifar10;200;200;0.007447673827409744;VGG13_XXXS;100.0;100.0
30;0.7616;Cifar10;4480;857;0.005395242276787758;VGG16;27.873885714285716;0.99
31;0.9003;Cifar10;4480;1720;0.002987486267834902;VGG16;51.004464285714285;0.999
32;0.9007;Cifar10;4480;4480;0.0029810802295804025;VGG16;100.0;100.0
33;0.8349;Cifar10;2240;727;0.00443402387201786;VGG16_S;42.07589285714285;0.99
34;0.8747;Cifar10;2240;1215;0.00312119599878788;VGG16_S;64.22990714285716;0.999
35;0.8749;Cifar10;2240;2240;0.003141078168153763;VGG16_S;100.0;100.0
36;0.7871;Cifar10;1120;556;0.0052913254320621494;VGG16_XS;57.254464285714285;0.99
37;0.845;Cifar10;1120;773;0.0037418797329068186;VGG16_XS;76.06025714285715;0.999
38;0.8454;Cifar10;1120;1120;0.003708960124850273;VGG16_XS;100.0;100.0
39;0.7212;Cifar10;560;345;0.007355275666713714;VGG16_XXS;67.29910714285714;0.99
40;0.7824;Cifar10;560;444;0.005095898452401161;VGG16_XXS;82.14285714285714;0.999
41;0.7942;Cifar10;560;560;0.00476656790971756;VGG16_XXS;100.0;100.0
42;0.6119;Cifar10;280;199;0.009367591512203217;VGG16_XXXS;76.78571428571429;0.99
43;0.6445;Cifar10;280;242;0.007901424729824066;VGG16_XXXS;87.5;0.999
44;0.6804;Cifar10;280;280;0.0072787253677845005;VGG16_XXXS;100.0;100.0
45;0.5632;Cifar10;5760;798;0.009002646869421005;VGG19;22.472411764705882;0.99
46;0.8949;Cifar10;5760;1618;0.0029287707701325418;VGG19;42.532188235294115;0.999
47;0.8933;Cifar10;5760;5760;0.00309987513422966;VGG19;100.0;100.0
48;0.5089;Cifar10;2880;710;0.010429660665988922;VGG19_S;36.190252941176475;0.99
49;0.8796;Cifar10;2880;1230;0.002992412352561951;VGG19_S;56.15808823529411;0.999
50;0.8802;Cifar10;2880;2880;0.003129638336598873;VGG19_S;100.0;100.0
51;0.5573;Cifar10;1440;594;0.00830500573515892;VGG19_XS;51.378682352941176;0.99
52;0.827;Cifar10;1440;864;0.004128196933865547;VGG19_XS;69.66912352941176;0.999
53;0.8274;Cifar10;1440;1440;0.004229186263680458;VGG19_XS;100.0;100.0
54;0.6101;Cifar10;720;406;0.009722956204414367;VGG19_XXS;63.5110294117647;0.99
55;0.705;Cifar10;720;524;0.00715230615735054;VGG19_XXS;78.125;0.999
56;0.774;Cifar10;720;720;0.005478389862179757;VGG19_XXS;100.0;100.0
57;0.5306;Cifar10;360;239;0.0110651052236557;VGG19_XXXS;72.9779411764706;0.99
58;0.6474;Cifar10;360;294;0.008006315118074417;VGG19_XXXS;84.19117647058823;0.999
59;0.6604;Cifar10;360;360;0.007703960794210434;VGG19_XXXS;100.0;100.0
60;0.8569;Cifar10;3008;899;0.0033883563920855523;VGG11;30.40364444444445;0.99
61;0.8819;Cifar10;3008;1662;0.00324735921099782;VGG11;57.40018888888889;0.999
62;0.8738;Cifar10;3008;3008;0.003477653633058071;VGG11;100.0;100.0
63;0.827;Cifar10;1500;635;0.003888801011443138;VGG11_S;43.58121111111112;0.99
64;0.8689;Cifar10;1500;983;0.003243121986091137;VGG11_S;68.5502;0.999
65;0.8677;Cifar10;1500;1500;0.003301318845152855;VGG11_S;100.0;100.0
66;0.7398;Cifar10;752;393;0.00585679911673069;VGG11_XS;54.77431111111111;0.99
67;0.8253;Cifar10;752;571;0.004049465036392212;VGG11_XS;78.2118111111111;0.999
68;0.8222;Cifar10;752;752;0.004146043179929257;VGG11_XS;100.0;100.0
69;0.6933;Cifar10;376;234;0.006943009662628174;VGG11_XXS;64.75694444444444;0.99
70;0.7579;Cifar10;376;315;0.005600751304626465;VGG11_XXS;83.68055555555556;0.999
71;0.7671;Cifar10;376;376;0.005332907497882843;VGG11_XXS;100.0;100.0
72;0.5577;Cifar10;188;135;0.01004348499774933;VGG11_XXXS;75.34722222222223;0.99
73;0.5766;Cifar10;188;166;0.009204626899957657;VGG11_XXXS;87.84722222222223;0.999
74;0.6332;Cifar10;188;188;0.008057667064666749;VGG11_XXXS;100.0;100.0
75;0.8526;Cifar10;3200;932;0.0037148307740688326;VGG13;34.4993;0.99
76;0.8918;Cifar10;3200;1774;0.0032766009360551836;VGG13;62.18039090909092;0.999
77;0.8876;Cifar10;3200;3200;0.0034256183013319967;VGG13;100.0;100.0
78;0.8608;Cifar10;1600;703;0.003276844599843025;VGG13_S;49.64488181818183;0.99
79;0.881;Cifar10;1600;1073;0.003031175285577774;VGG13_S;74.00568181818183;0.999
80;0.8832;Cifar10;1600;1600;0.0030078418850898745;VGG13_S;100.0;100.0
81;0.8077;Cifar10;800;434;0.004490341439843178;VGG13_XS;60.79544545454546;0.99
82;0.8384;Cifar10;800;609;0.0039385403245687485;VGG13_XS;81.39204545454545;0.999
83;0.8365;Cifar10;800;800;0.003877177247405052;VGG13_XS;100.0;100.0
84;0.6958;Cifar10;400;259;0.0068873434662818905;VGG13_XXS;69.31818181818181;0.99
85;0.7624;Cifar10;400;339;0.005621191915869713;VGG13_XXS;85.36931818181819;0.999
86;0.7977;Cifar10;400;400;0.004742389222979546;VGG13_XXS;100.0;100.0
87;0.3017;Cifar10;200;143;0.015060237109661102;VGG13_XXXS;74.7159090909091;0.99
88;0.4082;Cifar10;200;177;0.014102139449119568;VGG13_XXXS;87.7840909090909;0.999
89;0.6699;Cifar10;200;200;0.007231447786092758;VGG13_XXXS;100.0;100.0
90;0.8352;Cifar10;4480;828;0.004528046011924743;VGG16;27.120535714285715;0.99
91;0.8919;Cifar10;4480;1672;0.0030100835010409355;VGG16;50.097642857142866;0.999
92;0.8923;Cifar10;4480;4480;0.0030615372061729433;VGG16;100.0;100.0
93;0.8164;Cifar10;2240;732;0.0049405134916305545;VGG16_S;41.768971428571426;0.99
94;0.8831;Cifar10;2240;1240;0.002998456537723541;VGG16_S;65.34598571428572;0.999
95;0.881;Cifar10;2240;2240;0.0030642473235726357;VGG16_S;100.0;100.0
96;0.7751;Cifar10;1120;566;0.005478563857078552;VGG16_XS;57.42187142857143;0.99
97;0.8431;Cifar10;1120;781;0.00375504120439291;VGG16_XS;76.45089285714286;0.999
98;0.8466;Cifar10;1120;1120;0.0036369081735610964;VGG16_XS;100.0;100.0
99;0.717;Cifar10;560;348;0.006924795150756836;VGG16_XXS;68.63839285714286;0.99
100;0.7613;Cifar10;560;445;0.005609827864170074;VGG16_XXS;82.14285714285714;0.999
101;0.7867;Cifar10;560;560;0.0050112746089696885;VGG16_XXS;100.0;100.0
102;0.5424;Cifar10;280;203;0.010749619841575622;VGG16_XXXS;76.11607142857143;0.99
103;0.6336;Cifar10;280;247;0.008190305244922638;VGG16_XXXS;88.83928571428571;0.999
104;0.6709;Cifar10;280;280;0.007402605539560318;VGG16_XXXS;100.0;100.0
105;0.4424;Cifar10;5760;752;0.010424522387981415;VGG19;21.553317647058826;0.99
106;0.8927;Cifar10;5760;1529;0.0028939996480941772;VGG19;41.13051764705882;0.999
107;0.8983;Cifar10;5760;5760;0.0029423323586583137;VGG19;100.0;100.0
108;0.5817;Cifar10;2880;683;0.010608462989330292;VGG19_S;35.34007058823529;0.99
109;0.8769;Cifar10;2880;1190;0.003182949836552143;VGG19_S;55.124076470588236;0.999
110;0.8764;Cifar10;2880;2880;0.003278801327943802;VGG19_S;100.0;100.0
111;0.6419;Cifar10;1440;580;0.00836232721209526;VGG19_XS;50.36764705882353;0.99
112;0.8369;Cifar10;1440;858;0.0039056413650512697;VGG19_XS;68.97977647058823;0.999
113;0.8412;Cifar10;1440;1440;0.003915988284349441;VGG19_XS;100.0;100.0
114;0.6204;Cifar10;720;385;0.009456197035312653;VGG19_XXS;62.13235294117647;0.99
115;0.7669;Cifar10;720;499;0.005490061467885971;VGG19_XXS;76.28676470588235;0.999
116;0.7741;Cifar10;720;720;0.005381169062852859;VGG19_XXS;100.0;100.0
117;0.4035;Cifar10;360;228;0.01271957801580429;VGG19_XXXS;70.03676470588235;0.99
118;0.6416;Cifar10;360;286;0.008126444029808045;VGG19_XXXS;82.3529411764706;0.999
119;0.6637;Cifar10;360;360;0.007686434388160706;VGG19_XXXS;100.0;100.0
120;0.8666;Cifar10;3008;894;0.003280176544189453;VGG11;30.121511111111108;0.99
121;0.8853;Cifar10;3008;1657;0.003174572169780731;VGG11;56.74915555555556;0.999
122;0.8833;Cifar10;3008;3008;0.003269709461927414;VGG11;100.0;100.0
123;0.7512;Cifar10;1500;642;0.006051703494787216;VGG11_S;43.62598888888889;0.99
124;0.8689;Cifar10;1500;988;0.0033437086656689643;VGG11_S;68.54882222222221;0.999
125;0.8681;Cifar10;1500;1500;0.003356793913245201;VGG11_S;100.0;100.0
126;0.7282;Cifar10;752;394;0.006228737133741379;VGG11_XS;54.77431111111111;0.99
127;0.8047;Cifar10;752;566;0.0047208734631538395;VGG11_XS;77.77777777777777;0.999
128;0.8109;Cifar10;752;752;0.004485704231262207;VGG11_XS;100.0;100.0
129;0.5436;Cifar10;376;237;0.01081125339269638;VGG11_XXS;65.625;0.99
130;0.6121;Cifar10;376;315;0.009786983549594879;VGG11_XXS;83.50694444444444;0.999
131;0.7622;Cifar10;376;376;0.005444252729415893;VGG11_XXS;100.0;100.0
132;0.454;Cifar10;188;134;0.01256790872812271;VGG11_XXXS;71.52777777777777;0.99
133;0.5579;Cifar10;188;164;0.010117648148536683;VGG11_XXXS;84.375;0.999
134;0.6543;Cifar10;188;188;0.007692813348770142;VGG11_XXXS;100.0;100.0
135;0.8914;Cifar10;3200;951;0.002660136642307043;VGG13;35.03197272727272;0.99
136;0.9039;Cifar10;3200;1791;0.0026693473510444165;VGG13;62.80183636363636;0.999
137;0.9024;Cifar10;3200;3200;0.0027123078167438507;VGG13;100.0;100.0
138;0.8531;Cifar10;1600;708;0.003462209278345108;VGG13_S;49.43180909090909;0.99
139;0.879;Cifar10;1600;1068;0.0032797027990221976;VGG13_S;73.11790909090908;0.999
140;0.8797;Cifar10;1600;1600;0.0032729442089796065;VGG13_S;100.0;100.0
141;0.7909;Cifar10;800;436;0.004678734478354454;VGG13_XS;61.22159090909091;0.99
142;0.845;Cifar10;800;614;0.0037124326631426813;VGG13_XS;81.10795454545455;0.999
143;0.846;Cifar10;800;800;0.0036475685939192774;VGG13_XS;100.0;100.0
144;0.7377;Cifar10;400;253;0.006101699942350387;VGG13_XXS;68.4659090909091;0.99
145;0.7804;Cifar10;400;335;0.0050711749821901325;VGG13_XXS;84.6590909090909;0.999
146;0.7885;Cifar10;400;400;0.004944540187716484;VGG13_XXS;100.0;100.0
147;0.6071;Cifar10;200;142;0.009110308921337127;VGG13_XXXS;77.55681818181819;0.99
148;0.6421;Cifar10;200;175;0.007960476458072662;VGG13_XXXS;88.35227272727273;0.999
149;0.6648;Cifar10;200;200;0.007483013367652893;VGG13_XXXS;100.0;100.0
150;0.8287;Cifar10;4480;846;0.004266237249970436;VGG16;27.511164285714283;0.99
151;0.898;Cifar10;4480;1700;0.002801734758913517;VGG16;50.502228571428574;0.999
152;0.8985;Cifar10;4480;4480;0.00281879989951849;VGG16;100.0;100.0
153;0.7906;Cifar10;2240;735;0.0051970130234956745;VGG16_S;42.35492142857144;0.99
154;0.8752;Cifar10;2240;1222;0.0031345057502388954;VGG16_S;64.50892857142857;0.999
155;0.8744;Cifar10;2240;2240;0.003178422164916992;VGG16_S;100.0;100.0
156;0.7491;Cifar10;1120;563;0.005723023742437362;VGG16_XS;57.14286428571428;0.99
157;0.8403;Cifar10;1120;778;0.0038346578866243364;VGG16_XS;76.28347142857142;0.999
158;0.8446;Cifar10;1120;1120;0.0037455473363399504;VGG16_XS;100.0;100.0
159;0.726;Cifar10;560;352;0.006677926659584045;VGG16_XXS;68.30357142857143;0.99
160;0.768;Cifar10;560;453;0.0053572156578302384;VGG16_XXS;83.14732142857143;0.999
161;0.778;Cifar10;560;560;0.005182950708270073;VGG16_XXS;100.0;100.0
162;0.5347;Cifar10;280;197;0.010884207820892333;VGG16_XXXS;76.11607142857143;0.99
163;0.5856;Cifar10;280;241;0.00938736469745636;VGG16_XXXS;87.27678571428571;0.999
164;0.667;Cifar10;280;280;0.007595299410820007;VGG16_XXXS;100.0;100.0
165;0.6029;Cifar10;5760;825;0.0075859086573123935;VGG19;23.173241176470587;0.99
166;0.9024;Cifar10;5760;1657;0.002618686607480049;VGG19;43.29044117647059;0.999
167;0.9036;Cifar10;5760;5760;0.0028595651641488075;VGG19;100.0;100.0
168;0.3288;Cifar10;2880;722;0.013478136944770814;VGG19_S;36.23621764705882;0.99
169;0.8758;Cifar10;2880;1250;0.003197680363059044;VGG19_S;56.50274705882353;0.999
170;0.8778;Cifar10;2880;2880;0.003280813141167164;VGG19_S;100.0;100.0
171;0.6702;Cifar10;1440;548;0.007765243411064148;VGG19_XS;48.75918235294118;0.99
172;0.8402;Cifar10;1440;833;0.0038382567629218103;VGG19_XS;68.2904411764706;0.999
173;0.8371;Cifar10;1440;1440;0.0039516985058784485;VGG19_XS;100.0;100.0
174;0.5419;Cifar10;720;383;0.010267751133441924;VGG19_XXS;60.56985294117647;0.99
175;0.7795;Cifar10;720;503;0.005376142778992653;VGG19_XXS;76.1029411764706;0.999
176;0.7834;Cifar10;720;720;0.005239105543494224;VGG19_XXS;100.0;100.0
177;0.5346;Cifar10;360;244;0.010971004509925842;VGG19_XXXS;73.34558823529412;0.99
178;0.6591;Cifar10;360;302;0.007722803157567978;VGG19_XXXS;85.66176470588235;0.999
179;0.6697;Cifar10;360;360;0.007517084389925003;VGG19_XXXS;100.0;100.0
180;0.3894;Cifar100;3008;1062;0.01990808095932007;VGG11;33.42013333333333;0.99
181;0.6031;Cifar100;3008;1942;0.013513277769088745;VGG11;64.12761111111111;0.999
182;0.5979;Cifar100;3008;3008;0.01398237612247467;VGG11;100.0;100.0
183;0.3247;Cifar100;1500;682;0.021773577880859374;VGG11_S;45.5681;0.99
184;0.5743;Cifar100;1500;1146;0.013044797456264495;VGG11_S;76.74917777777779;0.999
185;0.5793;Cifar100;1500;1500;0.012990223038196564;VGG11_S;100.0;100.0
186;0.2233;Cifar100;752;438;0.029004089784622194;VGG11_XS;59.548611111111114;0.99
187;0.4987;Cifar100;752;652;0.014808935809135436;VGG11_XS;86.45833333333333;0.999
188;0.5096;Cifar100;752;752;0.01452628048658371;VGG11_XS;100.0;100.0
189;0.0865;Cifar100;376;247;0.04381118025779724;VGG11_XXS;68.05555555555556;0.99
190;0.3848;Cifar100;376;333;0.018599437093734742;VGG11_XXS;88.02083333333333;0.999
191;0.3847;Cifar100;376;376;0.018446878814697264;VGG11_XXS;100.0;100.0
192;0.1704;Cifar100;188;134;0.027155496096611022;VGG11_XXXS;74.65277777777777;0.99
193;0.2479;Cifar100;188;169;0.024006641030311585;VGG11_XXXS;89.93055555555556;0.999
194;0.2589;Cifar100;188;188;0.02357507679462433;VGG11_XXXS;100.0;100.0
195;0.5412;Cifar100;3200;1213;0.01431721806526184;VGG13;39.488654545454544;0.99
196;0.6304;Cifar100;3200;2104;0.012179984104633331;VGG13;68.98082727272725;0.999
197;0.6333;Cifar100;3200;3200;0.012350256776809692;VGG13;100.0;100.0
198;0.4402;Cifar100;1600;773;0.016923529279232026;VGG13_S;52.13067272727273;0.99
199;0.5937;Cifar100;1600;1251;0.012122211778163909;VGG13_S;80.85937272727273;0.999
200;0.5925;Cifar100;1600;1600;0.012249007511138915;VGG13_S;100.0;100.0
201;0.3661;Cifar100;800;454;0.019406694769859314;VGG13_XS;62.71308181818181;0.99
202;0.5143;Cifar100;800;674;0.014154825043678284;VGG13_XS;86.9318090909091;0.999
203;0.5163;Cifar100;800;800;0.01416538804769516;VGG13_XS;100.0;100.0
204;0.2974;Cifar100;400;271;0.022012435817718504;VGG13_XXS;72.01704545454545;0.99
205;0.3797;Cifar100;400;356;0.018740407419204713;VGG13_XXS;88.63636363636364;0.999
206;0.3903;Cifar100;400;400;0.018117113161087037;VGG13_XXS;100.0;100.0
207;0.1462;Cifar100;200;139;0.028355273723602296;VGG13_XXXS;76.13636363636364;0.99
208;0.2205;Cifar100;200;177;0.024783834505081176;VGG13_XXXS;89.48863636363636;0.999
209;0.2513;Cifar100;200;200;0.02351153736114502;VGG13_XXXS;100.0;100.0
210;0.3467;Cifar100;4480;1097;0.021677165031433104;VGG16;31.236050000000002;0.99
211;0.5936;Cifar100;4480;2186;0.013042961013317108;VGG16;57.324221428571434;0.999
212;0.5939;Cifar100;4480;4480;0.013307538771629334;VGG16;100.0;100.0
213;0.3162;Cifar100;2240;913;0.02171286232471466;VGG16_S;47.12612142857143;0.99
214;0.5469;Cifar100;2240;1425;0.01373224787712097;VGG16_S;70.5636142857143;0.999
215;0.5548;Cifar100;2240;2240;0.013578916251659393;VGG16_S;100.0;100.0
216;0.2923;Cifar100;1120;595;0.02185435287952423;VGG16_XS;58.98437857142857;0.99
217;0.4742;Cifar100;1120;846;0.015741449749469758;VGG16_XS;80.58035;0.999
218;0.4788;Cifar100;1120;1120;0.015777104246616363;VGG16_XS;100.0;100.0
219;0.1609;Cifar100;560;353;0.027966592383384704;VGG16_XXS;68.41517857142857;0.99
220;0.2792;Cifar100;560;473;0.024638750123977662;VGG16_XXS;85.9375;0.999
221;0.3736;Cifar100;560;560;0.018782509469985963;VGG16_XXS;100.0;100.0
222;0.0432;Cifar100;280;196;0.03804230136871338;VGG16_XXXS;74.55357142857143;0.99
223;0.2193;Cifar100;280;244;0.024855155253410338;VGG16_XXXS;88.39285714285714;0.999
224;0.2335;Cifar100;280;280;0.024124708127975465;VGG16_XXXS;100.0;100.0
225;0.0207;Cifar100;5760;849;0.04657924127578735;VGG19;23.494941176470586;0.99
226;0.4078;Cifar100;5760;1734;0.01791817170381546;VGG19;43.87637647058824;0.999
227;0.4826;Cifar100;5760;5760;0.016357614982128142;VGG19;100.0;100.0
228;0.0283;Cifar100;2880;732;0.041170184659957886;VGG19_S;35.983464705882355;0.99
229;0.407;Cifar100;2880;1330;0.018281551694869995;VGG19_S;58.065270588235286;0.999
230;0.4181;Cifar100;2880;2880;0.018181445693969726;VGG19_S;100.0;100.0
231;0.0492;Cifar100;1440;610;0.03420121874809265;VGG19_XS;52.02205882352941;0.99
232;0.3972;Cifar100;1440;902;0.018185424172878266;VGG19_XS;71.4154411764706;0.999
233;0.4132;Cifar100;1440;1440;0.01764214345216751;VGG19_XS;100.0;100.0
234;0.0666;Cifar100;720;410;0.030427842807769775;VGG19_XXS;64.61397058823529;0.99
235;0.3207;Cifar100;720;548;0.020748419094085695;VGG19_XXS;81.25;0.999
236;0.3269;Cifar100;720;720;0.02059675090312958;VGG19_XXS;100.0;100.0
237;0.0471;Cifar100;360;228;0.03234296703338623;VGG19_XXXS;70.95588235294117;0.99
238;0.1804;Cifar100;360;292;0.026457523107528687;VGG19_XXXS;84.375;0.999
239;0.1927;Cifar100;360;360;0.025815264177322387;VGG19_XXXS;100.0;100.0
240;0.3772;Cifar100;3008;1068;0.022665922331809998;VGG11;33.57205555555556;0.99
241;0.6077;Cifar100;3008;1962;0.013060891377925873;VGG11;64.47482222222223;0.999
242;0.6105;Cifar100;3008;3008;0.013192581629753113;VGG11;100.0;100.0
243;0.4162;Cifar100;1500;683;0.017758278000354767;VGG11_S;45.393100000000004;0.99
244;0.5784;Cifar100;1500;1153;0.012652041506767273;VGG11_S;76.70303333333334;0.999
245;0.5825;Cifar100;1500;1500;0.012677259910106658;VGG11_S;100.0;100.0
246;0.231;Cifar100;752;421;0.027260089802742006;VGG11_XS;57.11805555555556;0.99
247;0.5034;Cifar100;752;641;0.01459372022151947;VGG11_XS;84.89583333333333;0.999
248;0.5082;Cifar100;752;752;0.014362437558174134;VGG11_XS;100.0;100.0
249;0.2526;Cifar100;376;243;0.02389122710227966;VGG11_XXS;66.84027777777777;0.99
250;0.3757;Cifar100;376;332;0.018916772961616517;VGG11_XXS;87.84722222222223;0.999
251;0.3916;Cifar100;376;376;0.01826774973869324;VGG11_XXS;100.0;100.0
252;0.0759;Cifar100;188;132;0.033310265445709225;VGG11_XXXS;71.18055555555556;0.99
253;0.2392;Cifar100;188;167;0.024265139532089232;VGG11_XXXS;88.88888888888889;0.999
254;0.2516;Cifar100;188;188;0.023734092116355895;VGG11_XXXS;100.0;100.0
255;0.4195;Cifar100;3200;1202;0.021162669944763183;VGG13;39.16902727272728;0.99
256;0.6339;Cifar100;3200;2115;0.012058495664596557;VGG13;69.22940909090909;0.999
257;0.6322;Cifar100;3200;3200;0.012280490326881409;VGG13;100.0;100.0
258;0.3525;Cifar100;1600;788;0.02288279082775116;VGG13_S;52.27272727272727;0.99
259;0.5952;Cifar100;1600;1277;0.012351580131053924;VGG13_S;81.6406090909091;0.999
260;0.6005;Cifar100;1600;1600;0.012292678797245025;VGG13_S;100.0;100.0
261;0.3476;Cifar100;800;469;0.020145252418518066;VGG13_XS;63.281254545454544;0.99
262;0.523;Cifar100;800;685;0.013780438792705536;VGG13_XS;87.07386363636364;0.999
263;0.5246;Cifar100;800;800;0.013743347787857055;VGG13_XS;100.0;100.0
264;0.3044;Cifar100;400;266;0.021791043949127196;VGG13_XXS;72.1590909090909;0.99
265;0.3773;Cifar100;400;354;0.018634763240814207;VGG13_XXS;88.35227272727273;0.999
266;0.4065;Cifar100;400;400;0.01777408685684204;VGG13_XXS;100.0;100.0
267;0.1388;Cifar100;200;143;0.028851772284507752;VGG13_XXXS;75.85227272727273;0.99
268;0.2407;Cifar100;200;178;0.02415239315032959;VGG13_XXXS;89.48863636363636;0.999
269;0.2576;Cifar100;200;200;0.02349522294998169;VGG13_XXXS;100.0;100.0
270;0.3102;Cifar100;4480;1088;0.021474606680870055;VGG16;31.347664285714284;0.99
271;0.5981;Cifar100;4480;2133;0.012872446298599243;VGG16;56.877785714285714;0.999
272;0.6026;Cifar100;4480;4480;0.012983555555343628;VGG16;100.0;100.0
273;0.2667;Cifar100;2240;921;0.02765426995754242;VGG16_S;47.40512857142857;0.99
274;0.547;Cifar100;2240;1433;0.014223760449886323;VGG16_S;71.12165714285713;0.999
275;0.5543;Cifar100;2240;2240;0.014038426542282104;VGG16_S;100.0;100.0
276;0.3489;Cifar100;1120;608;0.019831345987319945;VGG16_XS;59.76562142857143;0.99
277;0.4713;Cifar100;1120;868;0.015762703335285188;VGG16_XS;82.19865714285716;0.999
278;0.478;Cifar100;1120;1120;0.015538279235363007;VGG16_XS;100.0;100.0
279;0.1743;Cifar100;560;353;0.026288779020309447;VGG16_XXS;69.08482142857143;0.99
280;0.369;Cifar100;560;470;0.019245677042007445;VGG16_XXS;86.27232142857143;0.999
281;0.3605;Cifar100;560;560;0.019501468133926392;VGG16_XXS;100.0;100.0
282;0.1048;Cifar100;280;192;0.03006987292766571;VGG16_XXXS;74.55357142857143;0.99
283;0.1951;Cifar100;280;246;0.026142836570739746;VGG16_XXXS;89.0625;0.999
284;0.2335;Cifar100;280;280;0.024088474893569946;VGG16_XXXS;100.0;100.0
285;0.0241;Cifar100;5760;890;0.042506700801849366;VGG19;23.862588235294115;0.99
286;0.4013;Cifar100;5760;1861;0.01736002411842346;VGG19;45.323994117647054;0.999
287;0.4927;Cifar100;5760;5760;0.015860537934303285;VGG19;100.0;100.0
288;0.0355;Cifar100;2880;811;0.03798984475135803;VGG19_S;38.46507647058824;0.99
289;0.4492;Cifar100;2880;1405;0.01706487549543381;VGG19_S;60.0643294117647;0.999
290;0.4519;Cifar100;2880;2880;0.017277571475505828;VGG19_S;100.0;100.0
291;0.0565;Cifar100;1440;654;0.03244613301753998;VGG19_XS;53.95220588235294;0.99
292;0.4203;Cifar100;1440;931;0.017403883183002473;VGG19_XS;72.70220588235294;0.999
293;0.4257;Cifar100;1440;1440;0.017385476505756378;VGG19_XS;100.0;100.0
294;0.0677;Cifar100;720;419;0.03121268496513367;VGG19_XXS;64.88970588235294;0.99
295;0.3043;Cifar100;720;553;0.021659283018112183;VGG19_XXS;81.80147058823529;0.999
296;0.3128;Cifar100;720;720;0.021096202325820924;VGG19_XXS;100.0;100.0
297;0.0618;Cifar100;360;234;0.03139226212501526;VGG19_XXXS;71.875;0.99
298;0.2033;Cifar100;360;301;0.025565585947036742;VGG19_XXXS;86.76470588235294;0.999
299;0.2055;Cifar100;360;360;0.02516120386123657;VGG19_XXXS;100.0;100.0
300;0.4124;Cifar100;3008;1076;0.01991259038448334;VGG11;33.85415555555555;0.99
301;0.6096;Cifar100;3008;1961;0.013151418232917786;VGG11;64.73524444444443;0.999
302;0.6034;Cifar100;3008;3008;0.013608303201198577;VGG11;100.0;100.0
303;0.4132;Cifar100;1500;687;0.017229885852336882;VGG11_S;45.738955555555556;0.99
304;0.5753;Cifar100;1500;1159;0.012928600656986236;VGG11_S;76.92004444444444;0.999
305;0.5705;Cifar100;1500;1500;0.013267068302631378;VGG11_S;100.0;100.0
306;0.4239;Cifar100;752;432;0.01745462131500244;VGG11_XS;58.94096666666667;0.99
307;0.5012;Cifar100;752;647;0.014528433024883271;VGG11_XS;85.9374888888889;0.999
308;0.5011;Cifar100;752;752;0.014568730747699737;VGG11_XS;100.0;100.0
309;0.3197;Cifar100;376;254;0.02132298448085785;VGG11_XXS;69.27083333333333;0.99
310;0.3869;Cifar100;376;336;0.018443380188941955;VGG11_XXS;88.54166666666667;0.999
311;0.3946;Cifar100;376;376;0.018286010015010835;VGG11_XXS;100.0;100.0
312;0.062;Cifar100;188;135;0.03918381977081299;VGG11_XXXS;75.0;0.99
313;0.2427;Cifar100;188;169;0.02422379777431488;VGG11_XXXS;89.58333333333333;0.999
314;0.2496;Cifar100;188;188;0.023884298753738403;VGG11_XXXS;100.0;100.0
315;0.4196;Cifar100;3200;1201;0.021286088728904723;VGG13;39.00922727272727;0.99
316;0.6362;Cifar100;3200;2102;0.012059323251247407;VGG13;68.82102727272728;0.999
317;0.631;Cifar100;3200;3200;0.01239697926044464;VGG13;100.0;100.0
318;0.4649;Cifar100;1600;778;0.01611061134338379;VGG13_S;52.166190909090915;0.99
319;0.6008;Cifar100;1600;1259;0.011869028961658477;VGG13_S;81.21449090909091;0.999
320;0.5938;Cifar100;1600;1600;0.0120998122215271;VGG13_S;100.0;100.0
321;0.3897;Cifar100;800;459;0.01834654998779297;VGG13_XS;63.1392;0.99
322;0.5129;Cifar100;800;679;0.014193631052970886;VGG13_XS;86.64771818181818;0.999
323;0.5124;Cifar100;800;800;0.014234583294391633;VGG13_XS;100.0;100.0
324;0.2762;Cifar100;400;271;0.022939066648483275;VGG13_XXS;71.875;0.99
325;0.3685;Cifar100;400;356;0.01941905553340912;VGG13_XXS;88.49431818181819;0.999
326;0.4088;Cifar100;400;400;0.017650749230384826;VGG13_XXS;100.0;100.0
327;0.0565;Cifar100;200;141;0.04150970220565796;VGG13_XXXS;75.56818181818181;0.99
328;0.2179;Cifar100;200;178;0.02492489755153656;VGG13_XXXS;89.77272727272727;0.999
329;0.2427;Cifar100;200;200;0.02394078872203827;VGG13_XXXS;100.0;100.0
330;0.2388;Cifar100;4480;1059;0.02387797772884369;VGG16;30.65010714285714;0.99
331;0.5696;Cifar100;4480;2105;0.013401371073722839;VGG16;56.23603571428571;0.999
332;0.574;Cifar100;4480;4480;0.013555117869377136;VGG16;100.0;100.0
333;0.3224;Cifar100;2240;925;0.022829857683181763;VGG16_S;47.51674999999999;0.99
334;0.5425;Cifar100;2240;1435;0.013938992500305177;VGG16_S;71.09375;0.999
335;0.5441;Cifar100;2240;2240;0.014051788806915284;VGG16_S;100.0;100.0
336;0.3274;Cifar100;1120;603;0.020472711515426636;VGG16_XS;59.70982142857143;0.99
337;0.4692;Cifar100;1120;850;0.015911142873764036;VGG16_XS;80.91517142857143;0.999
338;0.4803;Cifar100;1120;1120;0.015606691181659698;VGG16_XS;100.0;100.0
339;0.2105;Cifar100;560;360;0.02560028555393219;VGG16_XXS;69.86607142857143;0.99
340;0.3517;Cifar100;560;480;0.019756556391716005;VGG16_XXS;87.61160714285714;0.999
341;0.359;Cifar100;560;560;0.01965155804157257;VGG16_XXS;100.0;100.0
342;0.0941;Cifar100;280;194;0.029892253017425537;VGG16_XXXS;75.44642857142857;0.99
343;0.2182;Cifar100;280;246;0.02519777159690857;VGG16_XXXS;89.0625;0.999
344;0.2368;Cifar100;280;280;0.02410125060081482;VGG16_XXXS;100.0;100.0
345;0.0516;Cifar100;5760;828;0.03438077063560486;VGG19;22.44944705882353;0.99
346;0.4941;Cifar100;5760;1811;0.015328116118907928;VGG19;44.301476470588234;0.999
347;0.5119;Cifar100;5760;5760;0.015078183197975159;VGG19;100.0;100.0
348;0.0751;Cifar100;2880;819;0.030561846137046815;VGG19_S;38.78675882352941;0.99
349;0.4844;Cifar100;2880;1417;0.015731191515922546;VGG19_S;60.3860294117647;0.999
350;0.4889;Cifar100;2880;2880;0.015805660200119018;VGG19_S;100.0;100.0
351;0.0319;Cifar100;1440;619;0.03502550892829895;VGG19_XS;52.38971176470588;0.99
352;0.3934;Cifar100;1440;890;0.018439776992797852;VGG19_XS;71.00184117647059;0.999
353;0.3992;Cifar100;1440;1440;0.018146184265613555;VGG19_XS;100.0;100.0
354;0.0501;Cifar100;720;401;0.032247268986701966;VGG19_XXS;63.23529411764706;0.99
355;0.2557;Cifar100;720;527;0.024633154249191283;VGG19_XXS;78.5845588235294;0.999
356;0.2953;Cifar100;720;720;0.022079677248001098;VGG19_XXS;100.0;100.0
357;0.0286;Cifar100;360;231;0.03533877477645874;VGG19_XXXS;70.03676470588235;0.99
358;0.1713;Cifar100;360;296;0.027399214601516723;VGG19_XXXS;85.11029411764706;0.999
359;0.1964;Cifar100;360;360;0.025771053075790404;VGG19_XXXS;100.0;100.0
360;0.858;CatVsDog;3008;351;0.002802093282341957;VGG11;16.037322222222222;0.99
361;0.8575;CatVsDog;3008;1045;0.0029172374457120897;VGG11;40.79862222222222;0.999
362;0.857;CatVsDog;3008;3008;0.0029931561723351477;VGG11;100.0;100.0
363;0.8475;CatVsDog;1500;381;0.0028822602927684785;VGG11_S;31.327855555555555;0.99
364;0.8635;CatVsDog;1500;785;0.0029054831862449647;VGG11_S;57.47974444444445;0.999
365;0.862;CatVsDog;1500;1500;0.002907954141497612;VGG11_S;100.0;100.0
366;0.8365;CatVsDog;752;308;0.0030592098385095598;VGG11_XS;46.267355555555554;0.99
367;0.842;CatVsDog;752;502;0.002974125437438488;VGG11_XS;71.18055555555556;0.999
368;0.839;CatVsDog;752;752;0.0030090458542108536;VGG11_XS;100.0;100.0
369;0.789;CatVsDog;376;203;0.003581018880009651;VGG11_XXS;58.854166666666664;0.99
370;0.792;CatVsDog;376;300;0.0035371685177087784;VGG11_XXS;81.07638888888889;0.999
371;0.791;CatVsDog;376;376;0.0035773290544748306;VGG11_XXS;100.0;100.0
372;0.7425;CatVsDog;188;125;0.00402252921462059;VGG11_XXXS;70.83333333333333;0.99
373;0.755;CatVsDog;188;164;0.003987972244620323;VGG11_XXXS;87.15277777777777;0.999
374;0.745;CatVsDog;188;188;0.003969076901674271;VGG11_XXXS;100.0;100.0
375;0.8675;CatVsDog;3200;449;0.002409001015126705;VGG13;24.183245454545457;0.99
376;0.8515;CatVsDog;3200;1080;0.0029459384642541407;VGG13;48.5973;0.999
377;0.841;CatVsDog;3200;3200;0.0034781955666840078;VGG13;100.0;100.0
378;0.864;CatVsDog;1600;417;0.0026365848407149317;VGG13_S;39.77273636363636;0.99
379;0.86;CatVsDog;1600;813;0.0029649901166558267;VGG13_S;63.06817272727273;0.999
380;0.8615;CatVsDog;1600;1600;0.0029537498503923415;VGG13_S;100.0;100.0
381;0.8315;CatVsDog;800;321;0.003121562361717224;VGG13_XS;52.2017;0.99
382;0.845;CatVsDog;800;515;0.0030084860622882842;VGG13_XS;73.08238181818182;0.999
383;0.846;CatVsDog;800;800;0.0029585622251033783;VGG13_XS;100.0;100.0
384;0.7995;CatVsDog;400;216;0.003476255506277084;VGG13_XXS;61.93181818181818;0.99
385;0.8115;CatVsDog;400;308;0.0033158036321401596;VGG13_XXS;79.6875;0.999
386;0.8235;CatVsDog;400;400;0.0031793326437473297;VGG13_XXS;100.0;100.0
387;0.748;CatVsDog;200;128;0.003986037224531174;VGG13_XXXS;72.44318181818181;0.99
388;0.758;CatVsDog;200;174;0.00393768934905529;VGG13_XXXS;88.92045454545455;0.999
389;0.7585;CatVsDog;200;200;0.0038842020332813263;VGG13_XXXS;100.0;100.0
390;0.8385;CatVsDog;4480;489;0.003110400315374136;VGG16;20.326457142857144;0.99
391;0.8585;CatVsDog;4480;1171;0.0028433995321393013;VGG16;42.14564285714287;0.999
392;0.8635;CatVsDog;4480;4480;0.0029070644192397592;VGG16;100.0;100.0
393;0.866;CatVsDog;2240;453;0.0025486262515187264;VGG16_S;33.62165;0.99
394;0.868;CatVsDog;2240;878;0.002591350495815277;VGG16_S;54.38057142857143;0.999
395;0.8685;CatVsDog;2240;2240;0.002608129285275936;VGG16_S;100.0;100.0
396;0.8365;CatVsDog;1120;387;0.0030013274848461153;VGG16_XS;47.48885;0.99
397;0.8385;CatVsDog;1120;638;0.00314285334199667;VGG16_XS;67.41070714285715;0.999
398;0.842;CatVsDog;1120;1120;0.0030308390483260155;VGG16_XS;100.0;100.0
399;0.7655;CatVsDog;560;283;0.0037643882259726525;VGG16_XXS;59.598214285714285;0.99
400;0.792;CatVsDog;560;389;0.0035733528062701224;VGG16_XXS;75.78125;0.999
401;0.8025;CatVsDog;560;560;0.0034565473571419717;VGG16_XXS;100.0;100.0
402;0.6295;CatVsDog;280;175;0.005743380643427372;VGG16_XXXS;69.19642857142857;0.99
403;0.653;CatVsDog;280;229;0.005842142112553119;VGG16_XXXS;83.25892857142857;0.999
404;0.7505;CatVsDog;280;280;0.003995343834161758;VGG16_XXXS;100.0;100.0
405;0.8565;CatVsDog;5760;515;0.002785954482853413;VGG19;17.54364705882353;0.99
406;0.8695;CatVsDog;5760;1269;0.0026892864853143694;VGG19;37.81019411764706;0.999
407;0.8705;CatVsDog;5760;5760;0.002777346260845661;VGG19;100.0;100.0
408;0.862;CatVsDog;2880;514;0.0025709230601787566;VGG19_S;30.813429411764705;0.99
409;0.859;CatVsDog;2880;966;0.002780909664928913;VGG19_S;49.4485294117647;0.999
410;0.859;CatVsDog;2880;2880;0.0027181290686130524;VGG19_S;100.0;100.0
411;0.8245;CatVsDog;1440;401;0.0031833605989813806;VGG19_XS;42.09559411764706;0.99
412;0.8425;CatVsDog;1440;679;0.0029988745376467703;VGG19_XS;60.70772352941177;0.999
413;0.8445;CatVsDog;1440;1440;0.003037892624735832;VGG19_XS;100.0;100.0
414;0.742;CatVsDog;720;318;0.004925562679767609;VGG19_XXS;54.963235294117645;0.99
415;0.7955;CatVsDog;720;466;0.003656334787607193;VGG19_XXS;72.61029411764706;0.999
416;0.8035;CatVsDog;720;720;0.0033963384479284288;VGG19_XXS;100.0;100.0
417;0.7335;CatVsDog;360;198;0.00429038380086422;VGG19_XXXS;64.5220588235294;0.99
418;0.7405;CatVsDog;360;267;0.004155560329556465;VGG19_XXXS;78.86029411764706;0.999
419;0.748;CatVsDog;360;360;0.004130553528666496;VGG19_XXXS;100.0;100.0
420;0.8425;CatVsDog;3008;371;0.0028714858815073966;VGG11;16.99218888888889;0.99
421;0.8625;CatVsDog;3008;1090;0.0027366975247859956;VGG11;42.53472222222222;0.999
422;0.86;CatVsDog;3008;3008;0.0027701726406812667;VGG11;100.0;100.0
423;0.835;CatVsDog;1500;384;0.002933479696512222;VGG11_S;31.63717777777778;0.99
424;0.839;CatVsDog;1500;783;0.0030549139380455018;VGG11_S;57.91513333333334;0.999
425;0.839;CatVsDog;1500;1500;0.0030653365701436997;VGG11_S;100.0;100.0
426;0.827;CatVsDog;752;315;0.00315017282217741;VGG11_XS;47.39584444444444;0.99
427;0.8365;CatVsDog;752;509;0.003085724636912346;VGG11_XS;71.70137777777778;0.999
428;0.8415;CatVsDog;752;752;0.0030667476356029512;VGG11_XS;100.0;100.0
429;0.7945;CatVsDog;376;206;0.003456527039408684;VGG11_XXS;59.548611111111114;0.99
430;0.8085;CatVsDog;376;299;0.003295830100774765;VGG11_XXS;80.90277777777777;0.999
431;0.8095;CatVsDog;376;376;0.00328820264339447;VGG11_XXS;100.0;100.0
432;0.706;CatVsDog;188;130;0.004545433849096298;VGG11_XXXS;68.75;0.99
433;0.733;CatVsDog;188;169;0.004158640280365944;VGG11_XXXS;88.88888888888889;0.999
434;0.7305;CatVsDog;188;188;0.004120844468474388;VGG11_XXXS;100.0;100.0
435;0.8485;CatVsDog;3200;441;0.0030410421378910544;VGG13;23.970172727272733;0.99
436;0.866;CatVsDog;3200;1058;0.002842962607741356;VGG13;48.20668181818182;0.999
437;0.8695;CatVsDog;3200;3200;0.002890665575861931;VGG13;100.0;100.0
438;0.8625;CatVsDog;1600;419;0.002693015068769455;VGG13_S;39.843745454545456;0.99
439;0.878;CatVsDog;1600;808;0.0027570510804653166;VGG13_S;62.606536363636366;0.999
440;0.877;CatVsDog;1600;1600;0.0028337388038635254;VGG13_S;100.0;100.0
441;0.7985;CatVsDog;800;333;0.003697701044380665;VGG13_XS;53.622172727272726;0.99
442;0.818;CatVsDog;800;531;0.0034532650485634806;VGG13_XS;74.21875454545454;0.999
443;0.817;CatVsDog;800;800;0.003561569005250931;VGG13_XS;100.0;100.0
444;0.767;CatVsDog;400;217;0.0037951074242591858;VGG13_XXS;62.35795454545455;0.99
445;0.803;CatVsDog;400;314;0.003443397894501686;VGG13_XXS;80.53977272727273;0.999
446;0.809;CatVsDog;400;400;0.003290185734629631;VGG13_XXS;100.0;100.0
447;0.7625;CatVsDog;200;135;0.003883015796542168;VGG13_XXXS;75.0;0.99
448;0.7665;CatVsDog;200;177;0.0038789430409669878;VGG13_XXXS;88.92045454545455;0.999
449;0.771;CatVsDog;200;200;0.0038850314021110534;VGG13_XXXS;100.0;100.0
450;0.8805;CatVsDog;4480;463;0.0024832801073789595;VGG16;19.50333571428572;0.99
451;0.8775;CatVsDog;4480;1122;0.0025100289285182953;VGG16;41.19697142857144;0.999
452;0.8775;CatVsDog;4480;4480;0.0027453573048114776;VGG16;100.0;100.0
453;0.8715;CatVsDog;2240;450;0.002672193638980389;VGG16_S;33.426342857142856;0.99
454;0.8745;CatVsDog;2240;877;0.002621820770204067;VGG16_S;54.29685714285713;0.999
455;0.867;CatVsDog;2240;2240;0.0027330739200115205;VGG16_S;100.0;100.0
456;0.825;CatVsDog;1120;373;0.0030395007729530333;VGG16_XS;46.651799999999994;0.99
457;0.842;CatVsDog;1120;621;0.002928399607539177;VGG16_XS;66.74107142857143;0.999
458;0.8415;CatVsDog;1120;1120;0.0029342455416917802;VGG16_XS;100.0;100.0
459;0.777;CatVsDog;560;265;0.003776052474975586;VGG16_XXS;57.589285714285715;0.99
460;0.786;CatVsDog;560;380;0.003582775592803955;VGG16_XXS;74.88839285714286;0.999
461;0.8025;CatVsDog;560;560;0.0033602950870990755;VGG16_XXS;100.0;100.0
462;0.7395;CatVsDog;280;174;0.004072906985878945;VGG16_XXXS;70.75892857142857;0.99
463;0.742;CatVsDog;280;231;0.004043339967727661;VGG16_XXXS;85.49107142857143;0.999
464;0.748;CatVsDog;280;280;0.0039544847458601;VGG16_XXXS;100.0;100.0
465;0.8745;CatVsDog;5760;522;0.0030169720128178598;VGG19;17.693;0.99
466;0.873;CatVsDog;5760;1257;0.0028927599638700484;VGG19;37.511476470588235;0.999
467;0.873;CatVsDog;5760;5760;0.002969958156347275;VGG19;100.0;100.0
468;0.851;CatVsDog;2880;496;0.002797403007745743;VGG19_S;30.215994117647057;0.99
469;0.8575;CatVsDog;2880;923;0.0027868096604943275;VGG19_S;48.575358823529406;0.999
470;0.8545;CatVsDog;2880;2880;0.002800711750984192;VGG19_S;100.0;100.0
471;0.8365;CatVsDog;1440;410;0.0030881352722644806;VGG19_XS;42.55514705882353;0.99
472;0.843;CatVsDog;1440;695;0.0031667282581329345;VGG19_XS;61.167270588235304;0.999
473;0.841;CatVsDog;1440;1440;0.0030440546125173567;VGG19_XS;100.0;100.0
474;0.769;CatVsDog;720;323;0.0039479218423366545;VGG19_XXS;55.51470588235294;0.99
475;0.778;CatVsDog;720;470;0.0037813479006290436;VGG19_XXS;72.79411764705883;0.999
476;0.7995;CatVsDog;720;720;0.0033788143694400787;VGG19_XXS;100.0;100.0
477;0.7435;CatVsDog;360;209;0.004030090600252152;VGG19_XXXS;67.46323529411765;0.99
478;0.7435;CatVsDog;360;287;0.003929039657115936;VGG19_XXXS;84.375;0.999
479;0.74;CatVsDog;360;360;0.003948511227965355;VGG19_XXXS;100.0;100.0
480;0.8585;CatVsDog;3008;346;0.002973929524421692;VGG11;16.015622222222223;0.99
481;0.8265;CatVsDog;3008;1030;0.003941979117691517;VGG11;40.776911111111104;0.999
482;0.8235;CatVsDog;3008;3008;0.004059652267023921;VGG11;100.0;100.0
483;0.838;CatVsDog;1500;369;0.00293531596660614;VGG11_S;30.76223333333333;0.99
484;0.8405;CatVsDog;1500;768;0.003297275833785534;VGG11_S;56.7853;0.999
485;0.8345;CatVsDog;1500;1500;0.003368878699839115;VGG11_S;100.0;100.0
486;0.8235;CatVsDog;752;312;0.0031732823699712753;VGG11_XS;46.788199999999996;0.99
487;0.821;CatVsDog;752;503;0.003295454904437065;VGG11_XS;70.3993;0.999
488;0.83;CatVsDog;752;752;0.003154364809393883;VGG11_XS;100.0;100.0
489;0.7655;CatVsDog;376;207;0.0039022532403469087;VGG11_XXS;58.333333333333336;0.99
490;0.798;CatVsDog;376;305;0.0034365788102149963;VGG11_XXS;81.94444444444444;0.999
491;0.791;CatVsDog;376;376;0.0034413287937641143;VGG11_XXS;100.0;100.0
492;0.7205;CatVsDog;188;122;0.004333311408758164;VGG11_XXXS;67.01388888888889;0.99
493;0.739;CatVsDog;188;167;0.004096665903925895;VGG11_XXXS;88.19444444444444;0.999
494;0.7445;CatVsDog;188;188;0.004022734001278877;VGG11_XXXS;100.0;100.0
495;0.8515;CatVsDog;3200;438;0.0029570257775485514;VGG13;23.68607272727273;0.99
496;0.8665;CatVsDog;3200;1042;0.0027974859699606896;VGG13;47.762790909090924;0.999
497;0.8655;CatVsDog;3200;3200;0.0028754531107842924;VGG13;100.0;100.0
498;0.83;CatVsDog;1600;433;0.0031877386532723905;VGG13_S;40.44743636363636;0.99
499;0.8205;CatVsDog;1600;828;0.003383517935872078;VGG13_S;63.28125454545455;0.999
500;0.8275;CatVsDog;1600;1600;0.0034126571565866472;VGG13_S;100.0;100.0
501;0.844;CatVsDog;800;333;0.002720019638538361;VGG13_XS;53.26705454545454;0.99
502;0.8515;CatVsDog;800;524;0.002695489749312401;VGG13_XS;73.86363636363636;0.999
503;0.8485;CatVsDog;800;800;0.0027834101244807244;VGG13_XS;100.0;100.0
504;0.788;CatVsDog;400;222;0.0035821009799838067;VGG13_XXS;64.20454545454545;0.99
505;0.8035;CatVsDog;400;315;0.0032709285467863083;VGG13_XXS;81.67613636363636;0.999
506;0.8065;CatVsDog;400;400;0.003253964230418205;VGG13_XXS;100.0;100.0
507;0.649;CatVsDog;200;127;0.005210597798228264;VGG13_XXXS;68.18181818181819;0.99
508;0.7265;CatVsDog;200;173;0.004187817618250847;VGG13_XXXS;85.51136363636364;0.999
509;0.747;CatVsDog;200;200;0.0040087710916996006;VGG13_XXXS;100.0;100.0
510;0.873;CatVsDog;4480;487;0.002421335406601429;VGG16;19.893971428571433;0.99
511;0.873;CatVsDog;4480;1171;0.0025386629849672316;VGG16;42.06195;0.999
512;0.8635;CatVsDog;4480;4480;0.0030752099230885507;VGG16;100.0;100.0
513;0.8505;CatVsDog;2240;446;0.0028142062723636625;VGG16_S;33.73325;0.99
514;0.8595;CatVsDog;2240;863;0.00283714359998703;VGG16_S;54.40848571428571;0.999
515;0.8605;CatVsDog;2240;2240;0.0029803390726447104;VGG16_S;100.0;100.0
516;0.822;CatVsDog;1120;366;0.0032849071249365807;VGG16_XS;46.54017142857143;0.99
517;0.8405;CatVsDog;1120;615;0.002895957738161087;VGG16_XS;66.68527857142857;0.999
518;0.845;CatVsDog;1120;1120;0.0028813451677560807;VGG16_XS;100.0;100.0
519;0.768;CatVsDog;560;286;0.0037972546070814133;VGG16_XXS;60.9375;0.99
520;0.793;CatVsDog;560;402;0.0035039369314908983;VGG16_XXS;78.125;0.999
521;0.8015;CatVsDog;560;560;0.0034060920774936676;VGG16_XXS;100.0;100.0
522;0.6865;CatVsDog;280;176;0.004673192486166954;VGG16_XXXS;69.41964285714286;0.99
523;0.7245;CatVsDog;280;234;0.004251667931675911;VGG16_XXXS;86.83035714285714;0.999
524;0.7375;CatVsDog;280;280;0.004190476328134537;VGG16_XXXS;100.0;100.0
525;0.8475;CatVsDog;5760;505;0.00286576421931386;VGG19;17.118558823529412;0.99
526;0.8495;CatVsDog;5760;1266;0.0029999772496521475;VGG19;37.51148823529412;0.999
527;0.849;CatVsDog;5760;5760;0.003039365917444229;VGG19;100.0;100.0
528;0.858;CatVsDog;2880;512;0.003048864468932152;VGG19_S;30.79043529411765;0.99
529;0.851;CatVsDog;2880;946;0.0035651101879775526;VGG19_S;49.17279411764706;0.999
530;0.844;CatVsDog;2880;2880;0.004050218425691128;VGG19_S;100.0;100.0
531;0.803;CatVsDog;1440;377;0.0035811278223991396;VGG19_XS;41.17648235294117;0.99
532;0.842;CatVsDog;1440;636;0.0030629257559776305;VGG19_XS;58.63970588235294;0.999
533;0.8465;CatVsDog;1440;1440;0.0030930833369493486;VGG19_XS;100.0;100.0
534;0.7785;CatVsDog;720;315;0.0037747125774621965;VGG19_XXS;54.779411764705884;0.99
535;0.7645;CatVsDog;720;458;0.004243256494402886;VGG19_XXS;71.78308823529412;0.999
536;0.7945;CatVsDog;720;720;0.0037259835973381997;VGG19_XXS;100.0;100.0
537;0.729;CatVsDog;360;199;0.004232842311263084;VGG19_XXXS;63.970588235294116;0.99
538;0.7405;CatVsDog;360;262;0.004192338198423386;VGG19_XXXS;78.125;0.999
539;0.753;CatVsDog;360;360;0.003932819902896881;VGG19_XXXS;100.0;100.0
